Customer ID,Customer Name,Segment,City,State,Postal Code,Region,Country
CG-12520,Claire Gute,Consumer,Henderson,Kentucky,42420.0,South,United States
DV-13045,Darrin Van Huff,Corporate,Los Angeles,California,90036.0,West,United States
SO-20335,Sean O'Donnell,Consumer,Fort Lauderdale,Florida,33311.0,South,United States
BH-11710,Brosina Hoffman,Consumer,Los Angeles,California,90032.0,West,United States
AA-10480,Andrew Allen,Consumer,Concord,North Carolina,28027.0,South,United States
IM-15070,Irene Maddox,Consumer,Seattle,Washington,98103.0,West,United States
HP-14815,Harold Pawlan,Home Office,Fort Worth,Texas,76106.0,Central,United States
PK-19075,Pete Kriz,Consumer,Madison,Wisconsin,53711.0,Central,United States
AG-10270,Alejandro Grove,Consumer,West Jordan,Utah,84084.0,West,United States
ZD-21925,Zuschuss Donatelli,Consumer,San Francisco,California,94109.0,West,United States
KB-16585,Ken Black,Corporate,Fremont,Nebraska,68025.0,Central,United States
SF-20065,Sandra Flanagan,Consumer,Philadelphia,Pennsylvania,19140.0,East,United States
EB-13870,Emily Burns,Consumer,Orem,Utah,84057.0,West,United States
EH-13945,Eric Hoffmann,Consumer,Los Angeles,California,90049.0,West,United States
TB-21520,Tracy Blumstein,Consumer,Philadelphia,Pennsylvania,19140.0,East,United States
MA-17560,Matt Abelman,Home Office,Houston,Texas,77095.0,Central,United States
GH-14485,Gene Hale,Corporate,Richardson,Texas,75080.0,Central,United States
SN-20710,Steve Nguyen,Home Office,Houston,Texas,77041.0,Central,United States
LC-16930,Linda Cazamias,Corporate,Naperville,Illinois,60540.0,Central,United States
RA-19885,Ruben Ausman,Corporate,Los Angeles,California,90049.0,West,United States
ES-14080,Erin Smith,Corporate,Melbourne,Florida,32935.0,South,United States
ON-18715,Odella Nelson,Corporate,Eagan,Minnesota,55122.0,Central,United States
PO-18865,Patrick O'Donnell,Consumer,Westland,Michigan,48185.0,Central,United States
LH-16900,Lena Hernandez,Consumer,Dover,Delaware,19901.0,East,United States
DP-13000,Darren Powers,Consumer,New Albany,Indiana,47150.0,Central,United States
JM-15265,Janet Molinari,Corporate,New York City,New York,10024.0,East,United States
TB-21055,Ted Butterfield,Consumer,Troy,New York,12180.0,East,United States
KM-16720,Kunst Miller,Consumer,Los Angeles,California,90004.0,West,United States
PS-18970,Paul Stevenson,Home Office,Chicago,Illinois,60610.0,Central,United States
BS-11590,Brendan Sweed,Corporate,Gilbert,Arizona,85234.0,West,United States
KD-16270,Karen Daniels,Consumer,Springfield,Virginia,22153.0,South,United States
HM-14980,Henry MacAllister,Consumer,New York City,New York,10009.0,East,United States
JE-15745,Joel Eaton,Consumer,Memphis,Tennessee,38109.0,South,United States
KB-16600,Ken Brennan,Corporate,Houston,Texas,77041.0,Central,United States
SC-20770,Stewart Carmichael,Corporate,Decatur,Alabama,35601.0,South,United States
DN-13690,Duane Noonan,Consumer,San Francisco,California,94122.0,West,United States
JC-16105,Julie Creighton,Corporate,Durham,North Carolina,27707.0,South,United States
CS-12400,Christopher Schild,Home Office,Chicago,Illinois,60623.0,Central,United States
PG-18895,Paul Gonzalez,Consumer,Rochester,Minnesota,55901.0,Central,United States
GM-14455,Gary Mitchum,Home Office,Houston,Texas,77095.0,Central,United States
JS-15685,Jim Sink,Corporate,Los Angeles,California,90036.0,West,United States
KB-16315,Karl Braun,Consumer,Minneapolis,Minnesota,55407.0,Central,United States
RB-19705,Roger Barcio,Home Office,Portland,Oregon,97206.0,West,United States
PN-18775,Parhena Norris,Home Office,New York City,New York,10009.0,East,United States
KD-16345,Katherine Ducich,Consumer,San Francisco,California,94122.0,West,United States
ER-13855,Elpida Rittenbach,Corporate,Saint Paul,Minnesota,55106.0,Central,United States
RB-19465,Rick Bensley,Home Office,Chicago,Illinois,60610.0,Central,United States
GZ-14470,Gary Zandusky,Consumer,Rochester,Minnesota,55901.0,Central,United States
LC-16870,Lena Cacioppo,Consumer,Aurora,Colorado,80013.0,West,United States
JM-15250,Janet Martin,Consumer,Charlotte,North Carolina,28205.0,South,United States
PA-19060,Pete Armstrong,Home Office,Orland Park,Illinois,60462.0,Central,United States
CV-12805,Cynthia Voltz,Corporate,New York City,New York,10035.0,East,United States
CL-12565,Clay Ludtke,Consumer,Urbandale,Iowa,50322.0,Central,United States
RC-19960,Ryan Crowe,Consumer,Columbus,Ohio,43229.0,East,United States
DK-13090,Dave Kipp,Consumer,Seattle,Washington,98103.0,West,United States
GG-14650,Greg Guthrie,Corporate,Bristol,Tennessee,37620.0,South,United States
SC-20725,Steven Cartwright,Consumer,Wilmington,Delaware,19805.0,East,United States
AD-10180,Alan Dominguez,Home Office,Houston,Texas,77041.0,Central,United States
PF-19165,Philip Fox,Consumer,Bloomington,Illinois,61701.0,Central,United States
TS-21610,Troy Staebel,Consumer,Phoenix,Arizona,85023.0,West,United States
LS-16975,Lindsay Shagiari,Home Office,Los Angeles,California,90004.0,West,United States
DW-13585,Dorothy Wardle,Corporate,Columbus,Ohio,43229.0,East,United States
LC-16885,Lena Creighton,Consumer,Roseville,California,95661.0,West,United States
JD-15895,Jonathan Doherty,Corporate,Philadelphia,Pennsylvania,19140.0,East,United States
SH-19975,Sally Hughsby,Corporate,San Francisco,California,94122.0,West,United States
SG-20080,Sandra Glassco,Consumer,Independence,Missouri,64055.0,Central,United States
HA-14920,Helen Andreada,Consumer,Pasadena,California,91104.0,West,United States
MG-17680,Maureen Gastineau,Home Office,Newark,Ohio,43055.0,East,United States
JE-16165,Justin Ellison,Corporate,Franklin,Wisconsin,53132.0,Central,United States
TW-21025,Tamara Willingham,Home Office,Scottsdale,Arizona,85254.0,West,United States
SP-20650,Stephanie Phelps,Corporate,San Jose,California,95123.0,West,United States
NK-18490,Neil Knudson,Home Office,Seattle,Washington,98105.0,West,United States
DB-13060,Dave Brooks,Consumer,Seattle,Washington,98115.0,West,United States
NP-18670,Nora Paige,Consumer,Edmond,Oklahoma,73034.0,Central,United States
TT-21070,Ted Trevino,Consumer,Los Angeles,California,90045.0,West,United States
EM-13960,Eric Murdock,Consumer,Philadelphia,Pennsylvania,19134.0,East,United States
RD-19900,Ruben Dartt,Consumer,Carlsbad,New Mexico,88220.0,West,United States
MJ-17740,Max Jones,Consumer,Seattle,Washington,98115.0,West,United States
BM-11140,Becky Martin,Consumer,San Antonio,Texas,78207.0,Central,United States
CS-12130,Chad Sievert,Consumer,Los Angeles,California,90004.0,West,United States
JB-15400,Jennifer Braxton,Corporate,Chicago,Illinois,60623.0,Central,United States
SJ-20500,Shirley Jackson,Consumer,Houston,Texas,77036.0,Central,United States
JK-15640,Jim Kriz,Home Office,New York City,New York,10009.0,East,United States
DK-13150,David Kendrick,Corporate,Decatur,Illinois,62521.0,Central,United States
RM-19675,Robert Marley,Home Office,Monroe,Louisiana,71203.0,South,United States
SK-19990,Sally Knutson,Consumer,Fairfield,Connecticut,6824.0,East,United States
FM-14290,Frank Merwin,Home Office,Los Angeles,California,90032.0,West,United States
AM-10360,Alice McCarthy,Corporate,Grand Prairie,Texas,75051.0,Central,United States
MP-17470,Mark Packer,Home Office,New York City,New York,10035.0,East,United States
MZ-17515,Mary Zewe,Corporate,Redlands,California,92374.0,West,United States
CB-12025,Cassandra Brandow,Consumer,Hamilton,Ohio,45011.0,East,United States
VM-21685,Valerie Mitchum,Home Office,Westfield,New Jersey,7090.0,East,United States
FH-14365,Fred Hopkins,Corporate,Philadelphia,Pennsylvania,19120.0,East,United States
MB-17305,Maria Bertelson,Consumer,Akron,Ohio,44312.0,East,United States
BS-11755,Bruce Stewart,Consumer,Denver,Colorado,80219.0,West,United States
LC-17140,Logan Currie,Consumer,Dallas,Texas,75220.0,Central,United States
HK-14890,Heather Kirkland,Corporate,Franklin,Tennessee,37064.0,South,United States
LE-16810,Laurel Elliston,Consumer,Whittier,California,90604.0,West,United States
JH-15985,Joseph Holt,Consumer,Saginaw,Michigan,48601.0,Central,United States
MS-17980,Michael Stewart,Corporate,Dallas,Texas,75220.0,Central,United States
VW-21775,Victoria Wilson,Corporate,Medina,Ohio,44256.0,East,United States
JH-15910,Jonathan Howell,Consumer,Los Angeles,California,90032.0,West,United States
JB-15925,Joni Blumstein,Consumer,Dublin,Ohio,43017.0,East,United States
DS-13180,David Smith,Corporate,Detroit,Michigan,48227.0,Central,United States
VD-21670,Valerie Dominguez,Consumer,Columbia,Tennessee,38401.0,South,United States
EA-14035,Erin Ashbrook,Corporate,Charlotte,North Carolina,28205.0,South,United States
DB-13120,David Bremer,Corporate,Santa Clara,California,95051.0,West,United States
KL-16645,Ken Lonsdale,Consumer,Chicago,Illinois,60610.0,Central,United States
DW-13480,Dianna Wilson,Home Office,Lakeville,Minnesota,55044.0,Central,United States
LH-17155,Logan Haushalter,Consumer,San Francisco,California,94109.0,West,United States
KC-16540,Kelly Collister,Consumer,San Diego,California,92037.0,West,United States
DL-13315,Delfina Latchford,Consumer,New York City,New York,10024.0,East,United States
DR-12880,Dan Reichenbach,Corporate,Chicago,Illinois,60623.0,Central,United States
CC-12670,Craig Carreira,Consumer,New York City,New York,10009.0,East,United States
Dl-13600,Dorris liebe,Corporate,Pasadena,Texas,77506.0,Central,United States
SB-20290,Sean Braxton,Corporate,Houston,Texas,77036.0,Central,United States
RC-19825,Roy Collins,Consumer,Chicago,Illinois,60610.0,Central,United States
AH-10210,Alan Hwang,Consumer,Brentwood,California,94513.0,West,United States
CB-12535,Claudia Bergmann,Corporate,Chapel Hill,North Carolina,27514.0,South,United States
CA-12310,Christine Abelman,Corporate,Cincinnati,Ohio,45231.0,East,United States
KH-16690,Kristen Hastings,Corporate,San Francisco,California,94110.0,West,United States
BB-10990,Barry Blumstein,Corporate,Inglewood,California,90301.0,West,United States
AG-10495,Andrew Gjertsen,Corporate,Philadelphia,Pennsylvania,19140.0,East,United States
JO-15280,Jas O'Carroll,Consumer,Los Angeles,California,90004.0,West,United States
AH-10195,Alan Haines,Corporate,Tamarac,Florida,33319.0,South,United States
NZ-18565,Nick Zandusky,Home Office,Columbus,Ohio,43229.0,East,United States
KL-16555,Kelly Lampkin,Corporate,Colorado Springs,Colorado,80906.0,West,United States
AS-10225,Alan Schoenberger,Corporate,New York City,New York,10024.0,East,United States
CR-12625,Corey Roper,Home Office,Lakewood,New Jersey,8701.0,East,United States
SH-20395,Shahid Hopkins,Consumer,Arlington,Virginia,22204.0,South,United States
BP-11185,Ben Peterman,Corporate,Arvada,Colorado,80004.0,West,United States
TS-21205,Thomas Seio,Corporate,Hackensack,New Jersey,7601.0,East,United States
AG-10525,Andy Gerbode,Corporate,Saint Petersburg,Florida,33710.0,South,United States
SP-20860,Sung Pak,Corporate,Philadelphia,Pennsylvania,19143.0,East,United States
NM-18445,Nathan Mautz,Home Office,New York City,New York,10024.0,East,United States
FA-14230,Frank Atkinson,Corporate,Long Beach,California,90805.0,West,United States
GK-14620,Grace Kelly,Corporate,Hesperia,California,92345.0,West,United States
DJ-13510,Don Jones,Corporate,Murfreesboro,Tennessee,37130.0,South,United States
PO-18850,Patrick O'Brill,Consumer,Philadelphia,Pennsylvania,19143.0,East,United States
JL-15850,John Lucas,Consumer,Philadelphia,Pennsylvania,19134.0,East,United States
DB-13615,Doug Bickford,Consumer,Los Angeles,California,90045.0,West,United States
AC-10420,Alyssa Crouse,Corporate,San Francisco,California,94122.0,West,United States
CC-12550,Clay Cheatham,Consumer,San Francisco,California,94122.0,West,United States
TD-20995,Tamara Dahlen,Consumer,Lowell,Massachusetts,1852.0,East,United States
AB-10060,Adam Bellavance,Home Office,New York City,New York,10009.0,East,United States
JL-15505,Jeremy Lonsdale,Consumer,New York City,New York,10035.0,East,United States
VB-21745,Victoria Brennan,Corporate,Columbus,Georgia,31907.0,South,United States
KW-16435,Katrina Willman,Consumer,New York City,New York,10009.0,East,United States
JD-16060,Julia Dunbar,Consumer,San Francisco,California,94109.0,West,United States
MK-17905,Michael Kennedy,Corporate,Manchester,Connecticut,6040.0,East,United States
GT-14755,Guy Thornton,Consumer,Harlingen,Texas,78550.0,Central,United States
AG-10900,Arthur Gainer,Consumer,Tucson,Arizona,85705.0,West,United States
MM-18280,Muhammed MacIntyre,Corporate,Quincy,Illinois,62301.0,Central,United States
AR-10405,Allen Rosenblatt,Corporate,Franklin,Massachusetts,2038.0,East,United States
RA-19915,Russell Applegate,Consumer,Houston,Texas,77095.0,Central,United States
AS-10285,Alejandro Savely,Corporate,San Francisco,California,94109.0,West,United States
LA-16780,Laura Armstrong,Corporate,Taylor,Michigan,48180.0,Central,United States
DO-13435,Denny Ordway,Consumer,Pembroke Pines,Florida,33024.0,South,United States
DK-13225,Dean Katz,Corporate,Philadelphia,Pennsylvania,19140.0,East,United States
NG-18430,Nathan Gelder,Consumer,Cincinnati,Ohio,45231.0,East,United States
MV-18190,Mike Vittorini,Consumer,New York City,New York,10009.0,East,United States
JG-15115,Jack Garza,Consumer,Des Moines,Washington,98198.0,West,United States
BP-11095,Bart Pistole,Corporate,Peoria,Illinois,61604.0,Central,United States
VP-21730,Victor Preis,Home Office,Las Vegas,Nevada,89115.0,West,United States
SS-20140,Saphhira Shifley,Corporate,Warwick,Rhode Island,2886.0,East,United States
AG-10675,Anna Gayman,Consumer,Houston,Texas,77036.0,Central,United States
LF-17185,Luke Foster,Consumer,Miami,Florida,33180.0,South,United States
RF-19840,Roy Französisch,Consumer,New York City,New York,10024.0,East,United States
KH-16510,Keith Herrera,Consumer,San Francisco,California,94110.0,West,United States
KC-16675,Kimberly Carter,Corporate,Seattle,Washington,98105.0,West,United States
CJ-12010,Caroline Jumper,Consumer,Huntington Beach,California,92646.0,West,United States
PB-19150,Philip Brown,Consumer,Los Angeles,California,90004.0,West,United States
MP-17965,Michael Paige,Corporate,Lawrence,Massachusetts,1841.0,East,United States
NF-18385,Natalie Fritzler,Consumer,Jackson,Mississippi,39212.0,South,United States
SD-20485,Shirley Daniels,Home Office,New Rochelle,New York,10801.0,East,United States
KH-16630,Ken Heidel,Corporate,San Antonio,Texas,78207.0,Central,United States
RB-19795,Ross Baird,Home Office,Gastonia,North Carolina,28052.0,South,United States
MK-18160,Mike Kennedy,Consumer,Jacksonville,Florida,32216.0,South,United States
PO-19180,Philisse Overcash,Home Office,Chicago,Illinois,60623.0,Central,United States
BB-11545,Brenda Bowman,Corporate,Houston,Texas,77070.0,Central,United States
TB-21595,Troy Blackwell,Consumer,Columbus,Indiana,47201.0,Central,United States
RB-19360,Raymond Buch,Consumer,Auburn,New York,13021.0,East,United States
EB-13705,Ed Braxton,Corporate,Akron,Ohio,44312.0,East,United States
SC-20095,Sanjit Chand,Consumer,Concord,California,94521.0,West,United States
TN-21040,Tanja Norvell,Home Office,Phoenix,Arizona,85023.0,West,United States
JS-15940,Joni Sundaresam,Home Office,Park Ridge,Illinois,60068.0,Central,United States
MH-17785,Maya Herman,Corporate,Lindenhurst,New York,11757.0,East,United States
JP-15520,Jeremy Pistek,Consumer,San Francisco,California,94110.0,West,United States
JE-15475,Jeremy Ellison,Consumer,Troy,New York,12180.0,East,United States
JG-15805,John Grady,Corporate,New York City,New York,10024.0,East,United States
XP-21865,Xylona Preis,Consumer,San Diego,California,92024.0,West,United States
EM-14065,Erin Mull,Consumer,New York City,New York,10024.0,East,United States
MT-18070,Michelle Tran,Home Office,Los Angeles,California,90045.0,West,United States
SA-20830,Sue Ann Reed,Consumer,Chicago,Illinois,60610.0,Central,United States
CW-11905,Carl Weiss,Home Office,Huntsville,Texas,77340.0,Central,United States
AJ-10960,Astrea Jones,Consumer,Rochester,New York,14609.0,East,United States
SS-20590,Sonia Sunley,Consumer,Seattle,Washington,98115.0,West,United States
RO-19780,Rose O'Brian,Consumer,Memphis,Tennessee,38109.0,South,United States
MD-17350,Maribeth Dona,Consumer,Fayetteville,Arkansas,72701.0,South,United States
MY-17380,Maribeth Yedwab,Corporate,Parker,Colorado,80134.0,West,United States
CM-12385,Christopher Martinez,Consumer,Atlanta,Georgia,30318.0,South,United States
LS-17245,Lynn Smith,Consumer,Gladstone,Missouri,64118.0,Central,United States
BN-11515,Bradley Nguyen,Consumer,Los Angeles,California,90049.0,West,United States
DB-13210,Dean Braden,Consumer,Houston,Texas,77041.0,Central,United States
MC-17605,Matt Connell,Corporate,Detroit,Michigan,48234.0,Central,United States
BD-11605,Brian Dahlen,Consumer,Lawrence,Massachusetts,1841.0,East,United States
PH-18790,Patricia Hirasaki,Home Office,Lakeland,Florida,33801.0,South,United States
MG-18145,Mike Gockenbach,Consumer,Philadelphia,Pennsylvania,19134.0,East,United States
KB-16240,Karen Bern,Corporate,Los Angeles,California,90036.0,West,United States
JC-15340,Jasper Cacioppo,Consumer,Los Angeles,California,90032.0,West,United States
RL-19615,Rob Lucas,Consumer,Montgomery,Alabama,36116.0,South,United States
AA-10375,Allen Armold,Consumer,Mesa,Arizona,85204.0,West,United States
EP-13915,Emily Phan,Consumer,Chicago,Illinois,60653.0,Central,United States
DK-12985,Darren Koutras,Consumer,Henderson,Kentucky,42420.0,South,United States
BD-11500,Bradley Drucker,Consumer,Green Bay,Wisconsin,54302.0,Central,United States
LM-17065,Liz MacKendrick,Consumer,Springfield,Ohio,45503.0,East,United States
AS-10135,Adrian Shami,Home Office,New York City,New York,10035.0,East,United States
BD-11320,Bill Donatelli,Consumer,San Francisco,California,94110.0,West,United States
GT-14710,Greg Tran,Consumer,Houston,Texas,77070.0,Central,United States
AJ-10945,Ashley Jarboe,Consumer,Wilmington,North Carolina,28403.0,South,United States
OT-18730,Olvera Toch,Consumer,Los Angeles,California,90045.0,West,United States
LP-17080,Liz Pelletier,Consumer,San Francisco,California,94110.0,West,United States
CA-12775,Cynthia Arntzen,Consumer,Tampa,Florida,33614.0,South,United States
JF-15490,Jeremy Farry,Consumer,Seattle,Washington,98105.0,West,United States
FP-14320,Frank Preis,Consumer,Los Angeles,California,90008.0,West,United States
EB-13840,Ellis Ballard,Corporate,Seattle,Washington,98105.0,West,United States
JF-15415,Jennifer Ferguson,Consumer,New York City,New York,10024.0,East,United States
SF-20200,Sarah Foster,Consumer,Marysville,Washington,98270.0,West,United States
TG-21640,Trudy Glocke,Consumer,Long Beach,California,90805.0,West,United States
CS-11950,Carlos Soltero,Consumer,Chicago,Illinois,60610.0,Central,United States
CC-12145,Charles Crestani,Consumer,Los Angeles,California,90004.0,West,United States
DV-13465,Dianna Vittorini,Consumer,Denver,Colorado,80219.0,West,United States
BD-11725,Bruce Degenhardt,Consumer,Richmond,Kentucky,40475.0,South,United States
ZC-21910,Zuschuss Carroll,Consumer,Salem,Oregon,97301.0,West,United States
MS-17830,Melanie Seite,Consumer,Laredo,Texas,78041.0,Central,United States
LR-16915,Lena Radford,Consumer,San Diego,California,92024.0,West,United States
TP-21130,Theone Pippenger,Consumer,Philadelphia,Pennsylvania,19134.0,East,United States
CK-12205,Chloris Kastensmidt,Consumer,Philadelphia,Pennsylvania,19120.0,East,United States
AS-10240,Alan Shonely,Consumer,Tampa,Florida,33614.0,South,United States
AR-10510,Andrew Roberts,Consumer,Philadelphia,Pennsylvania,19134.0,East,United States
NB-18655,Nona Balk,Corporate,Dallas,Texas,75217.0,Central,United States
GD-14590,Giulietta Dortch,Corporate,Philadelphia,Pennsylvania,19143.0,East,United States
CK-12595,Clytie Kelty,Consumer,Grove City,Ohio,43123.0,East,United States
NG-18355,Nat Gilpin,Corporate,New York City,New York,10011.0,East,United States
CA-12265,Christina Anderson,Consumer,Chicago,Illinois,60610.0,Central,United States
SF-20965,Sylvia Foulston,Corporate,Dearborn,Michigan,48126.0,Central,United States
MO-17800,Meg O'Connel,Home Office,New York City,New York,10009.0,East,United States
AT-10735,Annie Thurman,Consumer,Seattle,Washington,98115.0,West,United States
FM-14380,Fred McMath,Consumer,Aurora,Colorado,80013.0,West,United States
DJ-13420,Denny Joy,Corporate,Warner Robins,Georgia,31088.0,South,United States
ME-17725,Max Engle,Consumer,Aurora,Colorado,80013.0,West,United States
JD-16150,Justin Deggeller,Corporate,Minneapolis,Minnesota,55407.0,Central,United States
JL-15835,John Lee,Consumer,Mission Viejo,California,92691.0,West,United States
SC-20305,Sean Christensen,Consumer,Rochester Hills,Michigan,48307.0,Central,United States
CC-12430,Chuck Clark,Home Office,Columbus,Indiana,47201.0,Central,United States
AR-10825,Anthony Rawles,Corporate,Vancouver,Washington,98661.0,West,United States
SR-20740,Steven Roelle,Home Office,New York City,New York,10024.0,East,United States
CR-12730,Craig Reiter,Consumer,Columbus,Ohio,43229.0,East,United States
EH-14125,Eugene Hildebrand,Home Office,Aurora,Illinois,60505.0,Central,United States
SP-20545,Sibella Parks,Corporate,New York City,New York,10011.0,East,United States
TH-21235,Tiffany House,Corporate,Dallas,Texas,75081.0,Central,United States
RP-19390,Resi Pölking,Consumer,Cleveland,Ohio,44105.0,East,United States
RB-19570,Rob Beeghly,Consumer,Columbus,Indiana,47201.0,Central,United States
CD-11980,Carol Darley,Consumer,Tyler,Texas,75701.0,Central,United States
DJ-13630,Doug Jacobs,Consumer,New York City,New York,10024.0,East,United States
GT-14635,Grant Thornton,Corporate,Burlington,North Carolina,27217.0,South,United States
MC-17845,Michael Chen,Consumer,Jackson,Mississippi,39212.0,South,United States
RA-19285,Ralph Arnett,Consumer,New York City,New York,10035.0,East,United States
NP-18325,Naresj Patel,Consumer,Waynesboro,Virginia,22980.0,South,United States
AB-10165,Alan Barnes,Consumer,Los Angeles,California,90036.0,West,United States
JO-15550,Jesus Ocampo,Home Office,Chester,Pennsylvania,19013.0,East,United States
JK-15370,Jay Kimmel,Consumer,Long Beach,California,90805.0,West,United States
BN-11470,Brad Norvell,Corporate,Cary,North Carolina,27511.0,South,United States
DP-13165,David Philippe,Consumer,New York City,New York,10035.0,East,United States
TH-21550,Tracy Hopkins,Home Office,New York City,New York,10035.0,East,United States
AP-10915,Arthur Prichep,Consumer,Palm Coast,Florida,32137.0,South,United States
RS-19765,Roland Schwarz,Corporate,Mount Vernon,New York,10550.0,East,United States
SV-20365,Seth Vernon,Consumer,Dover,Delaware,19901.0,East,United States
CK-12325,Christine Kargatis,Home Office,Orem,Utah,84057.0,West,United States
RD-19810,Ross DeVincentis,Home Office,Los Angeles,California,90045.0,West,United States
MR-17545,Mathew Reese,Home Office,Philadelphia,Pennsylvania,19140.0,East,United States
SC-20695,Steve Chapman,Corporate,Hialeah,Florida,33012.0,South,United States
JF-15355,Jay Fein,Consumer,Austin,Texas,78745.0,Central,United States
EG-13900,Emily Grady,Consumer,Oceanside,New York,11572.0,East,United States
DS-13030,Darrin Sayre,Home Office,Seattle,Washington,98115.0,West,United States
PO-19195,Phillina Ober,Home Office,Naperville,Illinois,60540.0,Central,United States
SS-20875,Sung Shariari,Consumer,Dallas,Texas,75220.0,Central,United States
PB-19105,Peter Bühler,Consumer,Evanston,Illinois,60201.0,Central,United States
RF-19735,Roland Fjeld,Consumer,Trenton,Michigan,48183.0,Central,United States
YC-21895,Yoseph Carroll,Corporate,San Francisco,California,94110.0,West,United States
DC-13285,Debra Catini,Consumer,Cottage Grove,Minnesota,55016.0,Central,United States
CP-12340,Christine Phan,Corporate,New York City,New York,10009.0,East,United States
BF-11020,Barry Französisch,Corporate,Green Bay,Wisconsin,54302.0,Central,United States
LH-17020,Lisa Hazard,Consumer,Columbus,Ohio,43229.0,East,United States
CS-12250,Chris Selesnick,Corporate,Bossier City,Louisiana,71111.0,South,United States
AJ-10795,Anthony Johnson,Corporate,Saint Petersburg,Florida,33710.0,South,United States
BV-11245,Benjamin Venier,Corporate,Des Moines,Iowa,50315.0,Central,United States
DL-12865,Dan Lawera,Consumer,Cincinnati,Ohio,45231.0,East,United States
BM-11785,Bryan Mills,Consumer,Columbus,Ohio,43229.0,East,United States
LT-17110,Liz Thompson,Consumer,Lancaster,California,93534.0,West,United States
JK-15730,Joe Kamberova,Consumer,Asheville,North Carolina,28806.0,South,United States
ES-14020,Erica Smith,Consumer,San Francisco,California,94110.0,West,United States
RH-19495,Rick Hansen,Consumer,Rochester,Minnesota,55901.0,Central,United States
CD-11920,Carlos Daly,Consumer,Lake Elsinore,California,92530.0,West,United States
HW-14935,Helen Wasserman,Corporate,San Diego,California,92105.0,West,United States
MC-18130,Mike Caudle,Corporate,Monroe,Louisiana,71203.0,South,United States
GM-14440,Gary McGarr,Consumer,San Francisco,California,94122.0,West,United States
PJ-19015,Pauline Johnson,Consumer,Santa Ana,California,92704.0,West,United States
BW-11110,Bart Watters,Corporate,Milwaukee,Wisconsin,53209.0,Central,United States
TR-21325,Toby Ritter,Consumer,Belleville,New Jersey,7109.0,East,United States
PG-18820,Patrick Gardner,Consumer,San Francisco,California,94110.0,West,United States
JL-15175,James Lanier,Home Office,Columbia,Tennessee,38401.0,South,United States
BM-11650,Brian Moss,Corporate,New York City,New York,10035.0,East,United States
EM-14095,Eudokia Martin,Corporate,Los Angeles,California,90036.0,West,United States
AF-10885,Art Foster,Consumer,Louisville,Kentucky,40214.0,South,United States
GA-14725,Guy Armstrong,Consumer,Lorain,Ohio,44052.0,East,United States
CK-12760,Cyma Kinney,Corporate,Linden,New Jersey,7036.0,East,United States
DP-13105,Dave Poirier,Corporate,Salinas,California,93905.0,West,United States
BK-11260,Berenike Kampe,Consumer,New York City,New York,10035.0,East,United States
SJ-20125,Sanjit Jacobs,Home Office,New Brunswick,New Jersey,8901.0,East,United States
CM-12445,Chuck Magee,Consumer,San Francisco,California,94122.0,West,United States
AJ-10780,Anthony Jacobs,Corporate,Springfield,Virginia,22153.0,South,United States
LS-16945,Linda Southworth,Corporate,Philadelphia,Pennsylvania,19140.0,East,United States
GP-14740,Guy Phonely,Corporate,Lancaster,Pennsylvania,17602.0,East,United States
PK-18910,Paul Knutson,Home Office,Philadelphia,Pennsylvania,19143.0,East,United States
SM-20005,Sally Matthias,Consumer,New York City,New York,10009.0,East,United States
AG-10765,Anthony Garverick,Home Office,Philadelphia,Pennsylvania,19120.0,East,United States
PM-19135,Peter McVee,Home Office,Detroit,Michigan,48227.0,Central,United States
LL-16840,Lauren Leatherbury,Consumer,Rochester,New York,14609.0,East,United States
JS-15595,Jill Stevenson,Corporate,Los Angeles,California,90045.0,West,United States
EL-13735,Ed Ludwig,Home Office,Columbia,Maryland,21044.0,East,United States
PC-18745,Pamela Coakley,Corporate,San Francisco,California,94122.0,West,United States
HL-15040,Hunter Lopez,Consumer,Houston,Texas,77095.0,Central,United States
MS-17365,Maribeth Schnelling,Consumer,Detroit,Michigan,48227.0,Central,United States
GB-14530,George Bell,Corporate,Auburn,New York,13021.0,East,United States
JR-16210,Justin Ritter,Corporate,Springfield,Ohio,45503.0,East,United States
BE-11335,Bill Eplett,Home Office,Jackson,Michigan,49201.0,Central,United States
SC-20050,Sample Company A,Home Office,Norwich,Connecticut,6360.0,East,United States
RW-19630,Rob Williams,Corporate,Dallas,Texas,75220.0,Central,United States
SE-20110,Sanjit Engle,Consumer,New York City,New York,10009.0,East,United States
AH-10075,Adam Hart,Corporate,New York City,New York,10011.0,East,United States
JM-15535,Jessica Myrick,Consumer,Philadelphia,Pennsylvania,19143.0,East,United States
JJ-15760,Joel Jenkins,Home Office,Springfield,Virginia,22153.0,South,United States
RK-19300,Ralph Kennedy,Consumer,Philadelphia,Pennsylvania,19140.0,East,United States
CG-12040,Catherine Glotzbach,Home Office,Philadelphia,Pennsylvania,19120.0,East,United States
RP-19270,Rachel Payne,Corporate,Riverside,California,92503.0,West,United States
KC-16255,Karen Carlisle,Corporate,San Francisco,California,94110.0,West,United States
KH-16360,Katherine Hughes,Consumer,Philadelphia,Pennsylvania,19143.0,East,United States
GH-14665,Greg Hansen,Consumer,Round Rock,Texas,78664.0,Central,United States
SW-20275,Scott Williamson,Consumer,Jackson,Mississippi,39212.0,South,United States
JA-15970,Joseph Airdo,Consumer,Phoenix,Arizona,85023.0,West,United States
DL-12925,Daniel Lacy,Consumer,Oceanside,California,92054.0,West,United States
LW-16990,Lindsay Williams,Corporate,San Francisco,California,94110.0,West,United States
TB-21190,Thomas Brumley,Home Office,Fayetteville,Arkansas,72701.0,South,United States
BS-11800,Bryan Spruell,Home Office,New York City,New York,10011.0,East,United States
RW-19690,Robert Waldorf,Consumer,Wilmington,North Carolina,28403.0,South,United States
TZ-21580,Tracy Zic,Consumer,Louisville,Colorado,80027.0,West,United States
AS-10630,Ann Steele,Home Office,Pasadena,Texas,77506.0,Central,United States
TS-21340,Toby Swindell,Consumer,Houston,Texas,77041.0,Central,United States
SL-20155,Sara Luxemburg,Home Office,Jacksonville,Florida,32216.0,South,United States
MW-18235,Mitch Willingham,Corporate,Virginia Beach,Virginia,23464.0,South,United States
RD-19585,Rob Dowd,Consumer,Henderson,Kentucky,42420.0,South,United States
RA-19945,Ryan Akin,Consumer,Murrieta,California,92563.0,West,United States
MT-17815,Meg Tillman,Consumer,Scottsdale,Arizona,85254.0,West,United States
VG-21790,Vivek Gonzalez,Consumer,San Diego,California,92037.0,West,United States
JS-15880,John Stevenson,Consumer,Seattle,Washington,98103.0,West,United States
KM-16225,Kalyca Meade,Corporate,New York City,New York,10011.0,East,United States
HR-14770,Hallie Redmond,Home Office,Los Angeles,California,90045.0,West,United States
DE-13255,Deanra Eno,Home Office,Springfield,Ohio,45503.0,East,United States
AG-10390,Allen Goldenen,Consumer,Cincinnati,Ohio,45231.0,East,United States
JJ-15445,Jennifer Jackson,Consumer,Los Angeles,California,90004.0,West,United States
JH-15430,Jennifer Halladay,Consumer,Burlington,North Carolina,27217.0,South,United States
RD-19660,Robert Dilbeck,Home Office,Saint Peters,Missouri,63376.0,Central,United States
MO-17500,Mary O'Rourke,Consumer,New York City,New York,10035.0,East,United States
NS-18640,Noel Staavos,Corporate,Chicago,Illinois,60610.0,Central,United States
DG-13300,Deirdre Greer,Corporate,Philadelphia,Pennsylvania,19134.0,East,United States
NF-18595,Nicole Fjeld,Home Office,New York City,New York,10009.0,East,United States
MG-17650,Matthew Grinstein,Home Office,Philadelphia,Pennsylvania,19143.0,East,United States
TS-21160,Theresa Swint,Corporate,Toledo,Ohio,43615.0,East,United States
BD-11620,Brian DeCherney,Consumer,San Francisco,California,94122.0,West,United States
CM-12160,Charles McCrossin,Consumer,Brownsville,Texas,78521.0,Central,United States
SN-20560,Skye Norling,Home Office,Los Angeles,California,90008.0,West,United States
EH-14005,Erica Hernandez,Home Office,Denver,Colorado,80219.0,West,United States
FO-14305,Frank Olsen,Consumer,New York City,New York,10035.0,East,United States
MS-17710,Maurice Satty,Consumer,Mesa,Arizona,85204.0,West,United States
CC-12100,Chad Cunningham,Home Office,Columbus,Indiana,47201.0,Central,United States
DW-13540,Don Weiss,Consumer,Seattle,Washington,98105.0,West,United States
BT-11395,Bill Tyler,Corporate,Detroit,Michigan,48227.0,Central,United States
CY-12745,Craig Yedwab,Corporate,Oakland,California,94601.0,West,United States
BT-11485,Brad Thomas,Home Office,Clinton,Maryland,20735.0,East,United States
PS-19045,Penelope Sewall,Home Office,Charlotte,North Carolina,28205.0,South,United States
PV-18985,Paul Van Hugh,Home Office,San Francisco,California,94122.0,West,United States
NM-18520,Neoma Murray,Consumer,Riverside,California,92503.0,West,United States
DL-13495,Dionis Lloyd,Corporate,San Francisco,California,94110.0,West,United States
CS-12355,Christine Sundaresam,Consumer,Roswell,Georgia,30076.0,South,United States
FH-14275,Frank Hawley,Corporate,La Porte,Indiana,46350.0,Central,United States
NC-18340,Nat Carroll,Consumer,Lansing,Michigan,48911.0,Central,United States
AA-10315,Alex Avila,Consumer,Minneapolis,Minnesota,55407.0,Central,United States
LT-16765,Larry Tron,Consumer,Escondido,California,92025.0,West,United States
AP-10720,Anne Pryor,Home Office,New York City,New York,10035.0,East,United States
PM-18940,Paul MacIntyre,Consumer,Jackson,Michigan,49201.0,Central,United States
AT-10435,Alyssa Tate,Home Office,Los Angeles,California,90004.0,West,United States
CA-12055,Cathy Armstrong,Home Office,Houston,Texas,77070.0,Central,United States
HR-14830,Harold Ryan,Corporate,Seattle,Washington,98103.0,West,United States
BT-11530,Bradley Talbott,Home Office,Los Angeles,California,90036.0,West,United States
LH-16750,Larry Hughes,Consumer,Charlotte,North Carolina,28205.0,South,United States
SW-20755,Steven Ward,Corporate,New York City,New York,10009.0,East,United States
SP-20620,Stefania Perrino,Corporate,Philadelphia,Pennsylvania,19134.0,East,United States
BF-11170,Ben Ferrer,Home Office,Los Angeles,California,90036.0,West,United States
KT-16480,Kean Thornton,Consumer,Buffalo,New York,14215.0,East,United States
BG-11695,Brooke Gillingham,Corporate,Cincinnati,Ohio,45231.0,East,United States
GM-14680,Greg Matthias,Consumer,Seattle,Washington,98105.0,West,United States
EJ-14155,Eva Jacobs,Consumer,Gulfport,Mississippi,39503.0,South,United States
NP-18700,Nora Preis,Consumer,Fresno,California,93727.0,West,United States
MH-18115,Mick Hernandez,Home Office,Chester,Pennsylvania,19013.0,East,United States
JR-15700,Jocasta Rupert,Consumer,Jacksonville,Florida,32216.0,South,United States
SM-20950,Suzanne McNair,Corporate,Greenville,North Carolina,27834.0,South,United States
CC-12220,Chris Cortes,Consumer,La Porte,Indiana,46350.0,Central,United States
PF-19225,Phillip Flathmann,Consumer,San Francisco,California,94122.0,West,United States
DC-12850,Dan Campbell,Consumer,Florence,Alabama,35630.0,South,United States
BD-11770,Bryan Davis,Consumer,Houston,Texas,77070.0,Central,United States
GM-14500,Gene McClure,Consumer,Providence,Rhode Island,2908.0,East,United States
TB-21355,Todd Boyes,Corporate,New York City,New York,10009.0,East,United States
JH-16180,Justin Hirsh,Consumer,Pueblo,Colorado,81001.0,West,United States
EB-13975,Erica Bern,Corporate,Fairfield,California,94533.0,West,United States
QJ-19255,Quincy Jones,Corporate,Saint Paul,Minnesota,55106.0,Central,United States
TC-21535,Tracy Collins,Home Office,Arlington,Virginia,22204.0,South,United States
CS-12460,Chuck Sachs,Consumer,Columbus,Georgia,31907.0,South,United States
HG-14965,Henry Goldwyn,Corporate,Los Angeles,California,90032.0,West,United States
LW-16825,Laurel Workman,Corporate,Deltona,Florida,32725.0,South,United States
MC-17575,Matt Collins,Consumer,Cincinnati,Ohio,45231.0,East,United States
LP-17095,Liz Preis,Consumer,Murray,Kentucky,42071.0,South,United States
EB-14170,Evan Bailliet,Consumer,Wilmington,North Carolina,28403.0,South,United States
GZ-14545,George Zrebassa,Corporate,Lawrence,Massachusetts,1841.0,East,United States
CP-12085,Cathy Prescott,Corporate,Norwich,Connecticut,6360.0,East,United States
FG-14260,Frank Gastineau,Home Office,San Francisco,California,94110.0,West,United States
LD-17005,Lisa DeCherney,Consumer,San Francisco,California,94109.0,West,United States
AB-10255,Alejandro Ballentine,Home Office,Lorain,Ohio,44052.0,East,United States
MN-17935,Michael Nguyen,Consumer,Dallas,Texas,75220.0,Central,United States
JR-15670,Jim Radford,Consumer,Middletown,Connecticut,6457.0,East,United States
JF-15190,Jamie Frazer,Consumer,Los Angeles,California,90008.0,West,United States
CM-12115,Chad McGuire,Consumer,New York City,New York,10011.0,East,United States
AS-10045,Aaron Smayling,Corporate,Jacksonville,North Carolina,28540.0,South,United States
BP-11290,Beth Paige,Consumer,Evanston,Illinois,60201.0,Central,United States
ND-18370,Natalie DeCherney,Consumer,Louisville,Kentucky,40214.0,South,United States
LB-16735,Larry Blacks,Consumer,Fort Worth,Texas,76106.0,Central,United States
KT-16465,Kean Takahito,Consumer,Los Angeles,California,90049.0,West,United States
HM-14860,Harry Marie,Corporate,Philadelphia,Pennsylvania,19120.0,East,United States
AB-10600,Ann Blume,Corporate,Tucson,Arizona,85705.0,West,United States
SZ-20035,Sam Zeldin,Home Office,Pico Rivera,California,90660.0,West,United States
MG-17890,Michael Granlund,Home Office,Clinton,Maryland,20735.0,East,United States
JK-16120,Julie Kriz,Home Office,Aurora,Illinois,60505.0,Central,United States
PP-18955,Paul Prost,Home Office,Smyrna,Georgia,30080.0,South,United States
YS-21880,Yana Sorensen,Corporate,Burlington,North Carolina,27217.0,South,United States
KM-16375,Katherine Murray,Home Office,Salem,Virginia,24153.0,South,United States
AB-10105,Adrian Barton,Consumer,Phoenix,Arizona,85023.0,West,United States
HA-14905,Helen Abelman,Consumer,New York City,New York,10024.0,East,United States
BT-11305,Beth Thompson,Home Office,Costa Mesa,California,92627.0,West,United States
SV-20815,Stuart Van,Corporate,Houston,Texas,77041.0,Central,United States
RW-19540,Rick Wilson,Corporate,Mesa,Arizona,85204.0,West,United States
DK-12835,Damala Kotsonis,Corporate,Salinas,California,93905.0,West,United States
ST-20530,Shui Tom,Consumer,Parma,Ohio,44134.0,East,United States
MM-17920,Michael Moore,Consumer,San Francisco,California,94110.0,West,United States
PW-19030,Pauline Webber,Corporate,Richmond,Kentucky,40475.0,South,United States
SC-20440,Shaun Chance,Corporate,Aurora,Colorado,80013.0,West,United States
TS-21085,Thais Sissman,Consumer,Phoenix,Arizona,85023.0,West,United States
MC-17425,Mark Cousins,Corporate,Mobile,Alabama,36608.0,South,United States
ME-17320,Maria Etezadi,Home Office,Columbus,Georgia,31907.0,South,United States
NH-18610,Nicole Hansen,Corporate,Irving,Texas,75061.0,Central,United States
MB-18085,Mick Brown,Consumer,Vineland,New Jersey,8360.0,East,United States
KD-16495,Keith Dawkins,Corporate,New York City,New York,10009.0,East,United States
KN-16390,Katherine Nockton,Corporate,Los Angeles,California,90004.0,West,United States
NP-18685,Nora Pelletier,Home Office,Niagara Falls,New York,14304.0,East,United States
CS-12505,Cindy Stewart,Consumer,Thomasville,North Carolina,27360.0,South,United States
MS-17770,Maxwell Schwartz,Consumer,New York City,New York,10035.0,East,United States
CM-12655,Corinna Mitchell,Home Office,Los Angeles,California,90008.0,West,United States
Co-12640,Corey-Lock,Consumer,Philadelphia,Pennsylvania,19143.0,East,United States
TS-21370,Todd Sumrall,Corporate,New York City,New York,10035.0,East,United States
JW-15220,Jane Waco,Corporate,Vancouver,Washington,98661.0,West,United States
JD-15790,John Dryer,Consumer,Coppell,Texas,75019.0,Central,United States
PC-19000,Pauline Chand,Home Office,Los Angeles,California,90004.0,West,United States
AR-10540,Andy Reiter,Consumer,New York City,New York,10024.0,East,United States
AI-10855,Arianne Irving,Consumer,Philadelphia,Pennsylvania,19120.0,East,United States
TB-21400,Tom Boeckenhauer,Consumer,Seattle,Washington,98105.0,West,United States
PL-18925,Paul Lucas,Home Office,Chicago,Illinois,60610.0,Central,United States
GH-14425,Gary Hwang,Consumer,Tucson,Arizona,85705.0,West,United States
MP-18175,Mike Pelletier,Home Office,Laguna Niguel,California,92677.0,West,United States
JM-15655,Jim Mitchum,Corporate,Bridgeton,New Jersey,8302.0,East,United States
CL-11890,Carl Ludwig,Consumer,Everett,Massachusetts,2149.0,East,United States
DB-13270,Deborah Brumfield,Home Office,San Diego,California,92024.0,West,United States
IG-15085,Ivan Gibson,Consumer,San Diego,California,92024.0,West,United States
BO-11425,Bobby Odegard,Consumer,Richmond,Kentucky,40475.0,South,United States
AB-10150,Aimee Bixby,Consumer,Long Beach,New York,11561.0,East,United States
JW-16075,Julia West,Consumer,Philadelphia,Pennsylvania,19140.0,East,United States
EB-13750,Edward Becker,Corporate,Seattle,Washington,98103.0,West,United States
SG-20470,Sheri Gordon,Consumer,New York City,New York,10011.0,East,United States
CM-12190,Charlotte Melton,Consumer,Philadelphia,Pennsylvania,19134.0,East,United States
AW-10840,Anthony Witt,Consumer,Allen,Texas,75002.0,Central,United States
MC-18100,Mick Crebagga,Consumer,El Paso,Texas,79907.0,Central,United States
TT-21460,Tonja Turnell,Home Office,Aurora,Illinois,60505.0,Central,United States
VG-21805,Vivek Grady,Corporate,Virginia Beach,Virginia,23464.0,South,United States
MY-18295,Muhammed Yedwab,Corporate,Grapevine,Texas,76051.0,Central,United States
RD-19480,Rick Duston,Consumer,Olympia,Washington,98502.0,West,United States
DP-13390,Dennis Pardue,Home Office,Peoria,Illinois,61604.0,Central,United States
ML-17395,Marina Lichtenstein,Corporate,Los Angeles,California,90008.0,West,United States
JC-15385,Jenna Caffey,Consumer,Kent,Washington,98031.0,West,United States
JG-15160,James Galang,Consumer,Los Angeles,California,90049.0,West,United States
MC-17275,Marc Crier,Consumer,Lafayette,Louisiana,70506.0,South,United States
NW-18400,Natalie Webber,Consumer,Tigard,Oregon,97224.0,West,United States
TB-21280,Toby Braunhardt,Consumer,Washington,District of Columbia,20016.0,East,United States
BS-11380,Bill Stewart,Corporate,Skokie,Illinois,60076.0,Central,United States
HH-15010,Hilary Holden,Corporate,San Francisco,California,94110.0,West,United States
CD-12280,Christina DeMoss,Consumer,Seattle,Washington,98105.0,West,United States
TH-21100,Thea Hendricks,Consumer,Los Angeles,California,90045.0,West,United States
MM-18055,Michelle Moray,Consumer,Seattle,Washington,98115.0,West,United States
NS-18505,Neola Schneider,Consumer,Dallas,Texas,75217.0,Central,United States
RB-19645,Robert Barroso,Corporate,North Las Vegas,Nevada,89031.0,West,United States
SW-20455,Shaun Weien,Consumer,Suffolk,Virginia,23434.0,South,United States
EB-13930,Eric Barreto,Consumer,San Francisco,California,94110.0,West,United States
PS-18760,Pamela Stobb,Consumer,Los Angeles,California,90008.0,West,United States
HF-14995,Herbert Flentye,Consumer,Indianapolis,Indiana,46203.0,Central,United States
HZ-14950,Henia Zydlo,Consumer,Columbus,Ohio,43229.0,East,United States
CD-12790,Cynthia Delaney,Home Office,San Diego,California,92037.0,West,United States
JK-15205,Jamie Kunitz,Consumer,San Francisco,California,94122.0,West,United States
FM-14215,Filia McAdams,Corporate,Dublin,Ohio,43017.0,East,United States
ED-13885,Emily Ducich,Home Office,San Diego,California,92037.0,West,United States
DA-13450,Dianna Arnett,Home Office,Houston,Texas,77095.0,Central,United States
JW-15955,Joni Wasserman,Consumer,Oakland,California,94601.0,West,United States
RM-19375,Raymond Messe,Consumer,Houston,Texas,77095.0,Central,United States
ML-17755,Max Ludwig,Home Office,Suffolk,Virginia,23434.0,South,United States
CC-12685,Craig Carroll,Consumer,Greensboro,North Carolina,27405.0,South,United States
JE-15610,Jim Epp,Corporate,Milwaukee,Wisconsin,53209.0,Central,United States
RP-19855,Roy Phan,Corporate,Kenosha,Wisconsin,53142.0,Central,United States
TB-21175,Thomas Boland,Corporate,Houston,Texas,77041.0,Central,United States
BE-11455,Brad Eason,Home Office,Olathe,Kansas,66062.0,Central,United States
JF-15565,Jill Fjeld,Consumer,Dallas,Texas,75081.0,Central,United States
PB-19210,Phillip Breyer,Corporate,Tulsa,Oklahoma,74133.0,Central,United States
BT-11680,Brian Thompson,Consumer,Newark,Ohio,43055.0,East,United States
JL-15235,Janet Lee,Consumer,Chicago,Illinois,60623.0,Central,United States
CH-12070,Cathy Hwang,Home Office,Raleigh,North Carolina,27604.0,South,United States
ND-18460,Neil Ducich,Corporate,Macon,Georgia,31204.0,South,United States
BF-10975,Barbara Fisher,Corporate,Charlotte,North Carolina,28205.0,South,United States
KH-16330,Katharine Harms,Corporate,Bowling Green,Kentucky,42104.0,South,United States
GW-14605,Giulietta Weimer,Consumer,Seattle,Washington,98115.0,West,United States
NC-18625,Noah Childs,Corporate,Aurora,Colorado,80013.0,West,United States
ME-18010,Michelle Ellison,Corporate,San Francisco,California,94122.0,West,United States
BP-11230,Benjamin Patterson,Consumer,Spokane,Washington,99207.0,West,United States
JC-15775,John Castell,Consumer,San Antonio,Texas,78207.0,Central,United States
AS-10090,Adam Shillingsburg,Consumer,Charlottesville,Virginia,22901.0,South,United States
AC-10450,Amy Cox,Consumer,Minneapolis,Minnesota,55407.0,Central,United States
MD-17860,Michael Dominguez,Corporate,Indianapolis,Indiana,46203.0,Central,United States
DB-13660,Duane Benoit,Consumer,Oceanside,New York,11572.0,East,United States
EH-13990,Erica Hackney,Consumer,Roswell,Georgia,30076.0,South,United States
EH-13765,Edward Hooks,Corporate,Watertown,New York,13601.0,East,United States
SC-20230,Scot Coram,Corporate,Arlington,Texas,76017.0,Central,United States
JE-15715,Joe Elijah,Consumer,Broomfield,Colorado,80020.0,West,United States
AC-10615,Ann Chong,Corporate,New York City,New York,10009.0,East,United States
JD-16015,Joy Daniels,Consumer,Chicago,Illinois,60610.0,Central,United States
CB-12415,Christy Brittain,Consumer,Columbus,Ohio,43229.0,East,United States
JS-16030,Joy Smith,Consumer,Houston,Texas,77036.0,Central,United States
LW-17215,Luke Weiss,Consumer,Pasadena,California,91104.0,West,United States
SC-20800,Stuart Calhoun,Consumer,Houston,Texas,77041.0,Central,United States
AM-10705,Anne McFarland,Consumer,Auburn,Alabama,36830.0,South,United States
RH-19510,Rick Huthwaite,Home Office,Providence,Rhode Island,2908.0,East,United States
CT-11995,Carol Triggs,Consumer,Rochester,Minnesota,55901.0,Central,United States
MC-17590,Matt Collister,Corporate,Perth Amboy,New Jersey,8861.0,East,United States
CC-12610,Corey Catlett,Corporate,Philadelphia,Pennsylvania,19134.0,East,United States
KA-16525,Kelly Andreada,Consumer,Ontario,California,91761.0,West,United States
TC-20980,Tamara Chand,Corporate,Seattle,Washington,98105.0,West,United States
BF-11080,Bart Folk,Consumer,Baltimore,Maryland,21215.0,East,United States
MM-17260,Magdelene Morse,Consumer,Wilmington,Delaware,19805.0,East,United States
AH-10120,Adrian Hane,Home Office,Tucson,Arizona,85705.0,West,United States
BW-11200,Ben Wallace,Consumer,Boynton Beach,Florida,33437.0,South,United States
SW-20245,Scot Wooten,Consumer,Stockton,California,95207.0,West,United States
BS-11665,Brian Stugart,Consumer,Philadelphia,Pennsylvania,19143.0,East,United States
RF-19345,Randy Ferguson,Corporate,Dover,New Hampshire,3820.0,East,United States
WB-21850,William Brown,Consumer,Philadelphia,Pennsylvania,19134.0,East,United States
TB-21625,Trudy Brown,Consumer,Grand Prairie,Texas,75051.0,Central,United States
AF-10870,Art Ferguson,Consumer,College Station,Texas,77840.0,Central,United States
RB-19435,Richard Bierner,Consumer,Saint Louis,Missouri,63116.0,Central,United States
KF-16285,Karen Ferguson,Home Office,Manteca,California,95336.0,West,United States
JH-15820,John Huston,Consumer,Kent,Ohio,44240.0,East,United States
IL-15100,Ivan Liston,Consumer,San Francisco,California,94122.0,West,United States
PB-18805,Patrick Bzostek,Home Office,Salt Lake City,Utah,84106.0,West,United States
RH-19600,Rob Haberlin,Consumer,Huntsville,Alabama,35810.0,South,United States
AW-10930,Arthur Wiediger,Home Office,Aurora,Illinois,60505.0,Central,United States
ML-17410,Maris LaWare,Consumer,Fairfield,Connecticut,6824.0,East,United States
DB-13555,Dorothy Badders,Corporate,Jacksonville,Florida,32216.0,South,United States
MH-17620,Matt Hagelstein,Corporate,San Francisco,California,94110.0,West,United States
DK-13375,Dennis Kane,Consumer,Marion,Ohio,43302.0,East,United States
BT-11440,Bobby Trafton,Consumer,Littleton,Colorado,80122.0,West,United States
DB-13405,Denny Blanton,Consumer,La Porte,Indiana,46350.0,Central,United States
TG-21310,Toby Gnade,Consumer,Los Angeles,California,90049.0,West,United States
BF-11005,Barry Franz,Home Office,Pasadena,California,91104.0,West,United States
JM-16195,Justin MacKendrick,Consumer,Los Angeles,California,90004.0,West,United States
MZ-17335,Maria Zettner,Home Office,San Diego,California,92024.0,West,United States
MW-18220,Mitch Webber,Consumer,New York City,New York,10035.0,East,United States
MV-17485,Mark Van Huff,Consumer,Arlington,Virginia,22204.0,South,United States
SM-20320,Sean Miller,Home Office,Monroe,North Carolina,28110.0,South,United States
TP-21415,Tom Prescott,Consumer,Seattle,Washington,98115.0,West,United States
JK-15625,Jim Karlsson,Consumer,Seattle,Washington,98115.0,West,United States
PJ-18835,Patrick Jones,Corporate,Murfreesboro,Tennessee,37130.0,South,United States
RS-19420,Ricardo Sperren,Corporate,Seattle,Washington,98115.0,West,United States
SV-20935,Susan Vittorini,Consumer,New York City,New York,10009.0,East,United States
BC-11125,Becky Castell,Home Office,Peoria,Arizona,85345.0,West,United States
EM-13825,Elizabeth Moffitt,Corporate,Sioux Falls,South Dakota,57103.0,Central,United States
BM-11575,Brendan Murry,Corporate,New York City,New York,10035.0,East,United States
KN-16705,Kristina Nunn,Home Office,Fort Collins,Colorado,80525.0,West,United States
KW-16570,Kelly Williams,Consumer,Clarksville,Tennessee,37042.0,South,United States
SC-20260,Scott Cohen,Corporate,San Francisco,California,94122.0,West,United States
CV-12295,Christina VanderZanden,Consumer,Fresno,California,93727.0,West,United States
SG-20605,Speros Goranitis,Consumer,New York City,New York,10009.0,East,United States
TM-21010,Tamara Manning,Consumer,San Francisco,California,94122.0,West,United States
EM-13810,Eleni McCrary,Corporate,Los Angeles,California,90036.0,West,United States
ML-18040,Michelle Lonsdale,Corporate,Albuquerque,New Mexico,87105.0,West,United States
CR-12580,Clay Rozendal,Home Office,Elmhurst,Illinois,60126.0,Central,United States
AZ-10750,Annie Zypern,Consumer,New York City,New York,10009.0,East,United States
PW-19240,Pierre Wener,Consumer,Louisville,Colorado,80027.0,West,United States
SC-20380,Shahid Collister,Consumer,Seattle,Washington,98115.0,West,United States
CM-11935,Carlos Meador,Consumer,Fayetteville,North Carolina,28314.0,South,United States
GM-14695,Greg Maxwell,Corporate,Los Angeles,California,90036.0,West,United States
TB-21250,Tim Brockman,Consumer,New York City,New York,10024.0,East,United States
JM-15865,John Murray,Consumer,Jamestown,New York,14701.0,East,United States
SC-20575,Sonia Cooley,Consumer,Mishawaka,Indiana,46544.0,Central,United States
LS-17200,Luke Schmidt,Corporate,Skokie,Illinois,60076.0,Central,United States
RR-19315,Ralph Ritter,Consumer,San Francisco,California,94110.0,West,United States
DB-12910,Daniel Byrd,Home Office,Tampa,Florida,33614.0,South,United States
TT-21220,Thomas Thornton,Consumer,Houston,Texas,77041.0,Central,United States
LO-17170,Lori Olson,Corporate,La Quinta,California,92253.0,West,United States
KD-16615,Ken Dana,Corporate,Scottsdale,Arizona,85254.0,West,United States
NB-18580,Nicole Brennan,Corporate,Philadelphia,Pennsylvania,19134.0,East,United States
BD-11635,Brian Derr,Consumer,Bowling Green,Kentucky,42104.0,South,United States
CM-12235,Chris McAfee,Consumer,Carrollton,Texas,75007.0,Central,United States
EN-13780,Edward Nazzal,Consumer,New York City,New York,10035.0,East,United States
KN-16450,Kean Nguyen,Corporate,Jacksonville,Florida,32216.0,South,United States
BO-11350,Bill Overfelt,Corporate,Los Angeles,California,90045.0,West,United States
AG-10300,Aleksandra Gannaway,Corporate,Los Angeles,California,90049.0,West,United States
MC-17635,Matthew Clasen,Corporate,Saint Louis,Missouri,63116.0,Central,United States
TA-21385,Tom Ashbrook,Home Office,New York City,New York,10024.0,East,United States
JF-15295,Jason Fortune-,Consumer,Seattle,Washington,98103.0,West,United States
TT-21265,Tim Taslimi,Corporate,Los Angeles,California,90045.0,West,United States
SB-20170,Sarah Bern,Consumer,New York City,New York,10035.0,East,United States
CL-12700,Craig Leslie,Home Office,Springfield,Missouri,65807.0,Central,United States
HG-15025,Hunter Glantz,Consumer,Amarillo,Texas,79109.0,Central,United States
NL-18310,Nancy Lomonaco,Home Office,Los Angeles,California,90045.0,West,United States
RR-19525,Rick Reed,Corporate,Lowell,Massachusetts,1852.0,East,United States
TC-21295,Toby Carlisle,Consumer,San Diego,California,92024.0,West,United States
SV-20785,Stewart Visinsky,Consumer,Pueblo,Colorado,81001.0,West,United States
BE-11410,Bobby Elias,Consumer,Lancaster,Ohio,43130.0,East,United States
SC-20680,Steve Carroll,Home Office,Columbus,Georgia,31907.0,South,United States
DF-13135,David Flashing,Consumer,Vallejo,California,94591.0,West,United States
FH-14350,Fred Harton,Consumer,Seattle,Washington,98105.0,West,United States
MS-17530,MaryBeth Skach,Consumer,San Diego,California,92037.0,West,United States
RH-19555,Ritsa Hightower,Consumer,Tallahassee,Florida,32303.0,South,United States
GA-14515,George Ashbrook,Consumer,San Francisco,California,94122.0,West,United States
JP-16135,Julie Prescott,Home Office,Columbus,Georgia,31907.0,South,United States
Dp-13240,Dean percer,Home Office,Murray,Utah,84107.0,West,United States
MO-17950,Michael Oakman,Consumer,Dallas,Texas,75220.0,Central,United States
DL-13330,Denise Leinenbach,Consumer,Las Cruces,New Mexico,88001.0,West,United States
MH-18025,Michelle Huthwaite,Consumer,Seattle,Washington,98115.0,West,United States
DR-12940,Daniel Raglin,Home Office,Franklin,Massachusetts,2038.0,East,United States
DM-13015,Darrin Martin,Consumer,Encinitas,California,92024.0,West,United States
CA-11965,Carol Adams,Corporate,Hoover,Alabama,35244.0,South,United States
AC-10660,Anna Chung,Consumer,Huntsville,Texas,77340.0,Central,United States
DM-13345,Denise Monton,Corporate,Roswell,Georgia,30076.0,South,United States
VF-21715,Vicky Freymann,Home Office,Columbus,Indiana,47201.0,Central,United States
CC-12370,Christopher Conant,Consumer,Fayetteville,North Carolina,28314.0,South,United States
BF-11275,Beth Fritzler,Corporate,Tucson,Arizona,85705.0,West,United States
HG-14845,Harry Greene,Consumer,Lake Charles,Louisiana,70601.0,South,United States
BP-11155,Becky Pak,Consumer,Columbus,Georgia,31907.0,South,United States
EM-14140,Eugene Moren,Home Office,Glendale,Arizona,85301.0,West,United States
MA-17995,Michelle Arnett,Home Office,Watertown,New York,13601.0,East,United States
AY-10555,Andy Yotov,Corporate,Oceanside,California,92054.0,West,United States
GB-14575,Giulietta Baptist,Consumer,Philadelphia,Pennsylvania,19134.0,East,United States
JB-16045,Julia Barnett,Home Office,Columbus,Georgia,31907.0,South,United States
MG-17875,Michael Grace,Home Office,New York City,New York,10011.0,East,United States
SR-20425,Sharelle Roach,Home Office,Louisville,Colorado,80027.0,West,United States
JB-16000,Joy Bell-,Consumer,Brownsville,Texas,78521.0,Central,United States
DM-12955,Dario Medina,Corporate,Lincoln Park,Michigan,48146.0,Central,United States
TC-21475,Tony Chapman,Home Office,Columbus,Georgia,31907.0,South,United States
SW-20350,Sean Wendt,Home Office,Detroit,Michigan,48227.0,Central,United States
RE-19450,Richard Eichhorn,Consumer,Dallas,Texas,75081.0,Central,United States
BF-11215,Benjamin Farhat,Home Office,Albuquerque,New Mexico,87105.0,West,United States
KB-16405,Katrina Bavinger,Home Office,Apple Valley,California,92307.0,West,United States
JG-15310,Jason Gross,Corporate,Providence,Rhode Island,2908.0,East,United States
EC-14050,Erin Creighton,Consumer,New York City,New York,10024.0,East,United States
EB-14110,Eugene Barchas,Consumer,Philadelphia,Pennsylvania,19134.0,East,United States
JP-15460,Jennifer Patt,Corporate,Oceanside,New York,11572.0,East,United States
CS-11845,Cari Sayre,Corporate,Seattle,Washington,98105.0,West,United States
GH-14410,Gary Hansen,Home Office,Glendale,Arizona,85301.0,West,United States
PT-19090,Pete Takahito,Consumer,Houston,Texas,77070.0,Central,United States
JL-15130,Jack Lebron,Consumer,Houston,Texas,77036.0,Central,United States
AH-10030,Aaron Hawkins,Corporate,Philadelphia,Pennsylvania,19134.0,East,United States
CC-12475,Cindy Chapman,Consumer,New York City,New York,10024.0,East,United States
DW-13195,David Wiener,Corporate,Houston,Texas,77095.0,Central,United States
SJ-20215,Sarah Jordon,Consumer,Grand Prairie,Texas,75051.0,Central,United States
BG-11740,Bruce Geld,Consumer,Philadelphia,Pennsylvania,19120.0,East,United States
LB-16795,Laurel Beltran,Home Office,Highland Park,Illinois,60035.0,Central,United States
CM-11815,Candace McMahon,Corporate,Pasadena,Texas,77506.0,Central,United States
EH-14185,Evan Henry,Consumer,Decatur,Alabama,35601.0,South,United States
TS-21505,Tony Sayre,Consumer,Columbia,Tennessee,38401.0,South,United States
PR-18880,Patrick Ryan,Consumer,Oakland,California,94601.0,West,United States
LC-17050,Liz Carlisle,Consumer,Mission Viejo,California,92691.0,West,United States
CS-12490,Cindy Schnelling,Corporate,Conroe,Texas,77301.0,Central,United States
DH-13075,Dave Hallsten,Corporate,Richmond,Kentucky,40475.0,South,United States
JO-15145,Jack O'Briant,Corporate,Philadelphia,Pennsylvania,19140.0,East,United States
AH-10690,Anna Häberlin,Corporate,New York City,New York,10024.0,East,United States
HJ-14875,Heather Jas,Home Office,Jacksonville,Florida,32216.0,South,United States
MH-17455,Mark Hamilton,Consumer,Jacksonville,North Carolina,28540.0,South,United States
RD-19930,Russell D'Ascenzo,Consumer,Austin,Texas,78745.0,Central,United States
SC-20020,Sam Craven,Consumer,Plano,Texas,75023.0,Central,United States
SU-20665,Stephanie Ulpright,Home Office,Jackson,Mississippi,39212.0,South,United States
FC-14335,Fred Chung,Corporate,Mesquite,Texas,75150.0,Central,United States
RB-19330,Randy Bradley,Consumer,Philadelphia,Pennsylvania,19143.0,East,United States
NC-18535,Nick Crebassa,Corporate,Dallas,Texas,75217.0,Central,United States
DB-12970,Darren Budd,Corporate,Los Angeles,California,90004.0,West,United States
MF-17665,Maureen Fritzler,Corporate,Toledo,Ohio,43615.0,East,United States
RM-19750,Roland Murray,Consumer,New York City,New York,10011.0,East,United States
VM-21835,Vivian Mathis,Consumer,Newark,Delaware,19711.0,East,United States
EJ-13720,Ed Jacobs,Consumer,San Diego,California,92037.0,West,United States
NC-18415,Nathan Cano,Consumer,Jacksonville,North Carolina,28540.0,South,United States
LS-17230,Lycoris Saunders,Consumer,Dover,Delaware,19901.0,East,United States
KE-16420,Katrina Edelman,Corporate,Bristol,Tennessee,37620.0,South,United States
DH-13675,Duane Huffman,Home Office,Quincy,Massachusetts,2169.0,East,United States
PF-19120,Peter Fuller,Consumer,Gilbert,Arizona,85234.0,West,United States
VT-21700,Valerie Takahito,Home Office,Philadelphia,Pennsylvania,19143.0,East,United States
MG-17695,Maureen Gnade,Consumer,Buffalo,New York,14215.0,East,United States
SP-20920,Susan Pistek,Consumer,Los Angeles,California,90036.0,West,United States
CS-12175,Charles Sheldon,Corporate,Columbia,Tennessee,38401.0,South,United States
DK-12895,Dana Kaydos,Consumer,Kenosha,Wisconsin,53142.0,Central,United States
KM-16660,Khloe Miller,Consumer,Roswell,Georgia,30076.0,South,United States
AA-10645,Anna Andreadi,Consumer,Chester,Pennsylvania,19013.0,East,United States
DD-13570,Dorothy Dickinson,Consumer,Houston,Texas,77041.0,Central,United States
AH-10465,Amy Hunt,Consumer,New York City,New York,10035.0,East,United States
TP-21565,Tracy Poddar,Corporate,Aurora,Colorado,80013.0,West,United States
EK-13795,Eileen Kiefer,Home Office,Santa Ana,California,92704.0,West,United States
CR-12820,Cyra Reiten,Home Office,New York City,New York,10035.0,East,United States
SG-20890,Susan Gilcrest,Corporate,Mcallen,Texas,78501.0,Central,United States
AH-10585,Angele Hood,Consumer,Chicago,Illinois,60623.0,Central,United States
NF-18475,Neil Französisch,Home Office,Rockford,Illinois,61107.0,Central,United States
BS-11365,Bill Shonely,Corporate,New York City,New York,10011.0,East,United States
SH-20635,Stefanie Holloman,Corporate,Jackson,Tennessee,38301.0,South,United States
RD-19720,Roger Demir,Consumer,Daytona Beach,Florida,32114.0,South,United States
AG-10330,Alex Grayson,Consumer,Stockton,California,95207.0,West,United States
GR-14560,Georgia Rosenberg,Corporate,San Francisco,California,94110.0,West,United States
VS-21820,Vivek Sundaresam,Consumer,Los Angeles,California,90036.0,West,United States
TM-21490,Tony Molinari,Consumer,Oklahoma City,Oklahoma,73120.0,Central,United States
TS-21430,Tom Stivers,Corporate,Los Angeles,California,90045.0,West,United States
DB-13360,Dennis Bolton,Home Office,New York City,New York,10009.0,East,United States
NR-18550,Nick Radford,Consumer,Aurora,Illinois,60505.0,Central,United States
CS-11860,Cari Schnelling,Consumer,Jacksonville,North Carolina,28540.0,South,United States
MF-18250,Monica Federle,Corporate,Los Angeles,California,90036.0,West,United States
LW-17125,Liz Willingham,Consumer,Norwich,Connecticut,6360.0,East,United States
AR-10345,Alex Russell,Corporate,Lawrence,Massachusetts,1841.0,East,United States
KS-16300,Karen Seio,Corporate,Lehi,Utah,84043.0,West,United States
AB-10015,Aaron Bergman,Consumer,Seattle,Washington,98103.0,West,United States
LR-17035,Lisa Ryan,Corporate,Philadelphia,Pennsylvania,19134.0,East,United States
SS-20410,Shahid Shariari,Consumer,Los Angeles,California,90008.0,West,United States
JM-15580,Jill Matthias,Consumer,Monroe,North Carolina,28110.0,South,United States
JK-15325,Jason Klamczynski,Corporate,Dallas,Texas,75220.0,Central,United States
DM-13525,Don Miller,Corporate,Houston,Texas,77070.0,Central,United States
ML-18265,Muhammed Lee,Consumer,Seattle,Washington,98103.0,West,United States
MH-17290,Marc Harrigan,Home Office,Los Angeles,California,90036.0,West,United States
FC-14245,Frank Carlisle,Home Office,Lakewood,Ohio,44107.0,East,United States
TH-21115,Thea Hudgings,Corporate,Philadelphia,Pennsylvania,19140.0,East,United States
JK-16090,Juliana Krohn,Consumer,Omaha,Nebraska,68104.0,Central,United States
SB-20185,Sarah Brown,Consumer,Concord,New Hampshire,3301.0,East,United States
BG-11035,Barry Gonzalez,Consumer,Monroe,Louisiana,71203.0,South,United States
BW-11065,Barry Weirich,Consumer,Raleigh,North Carolina,27604.0,South,United States
MG-18205,Mitch Gastineau,Corporate,Jacksonville,Florida,32216.0,South,United States
DO-13645,Doug O'Connell,Consumer,Los Angeles,California,90036.0,West,United States
BP-11050,Barry Pond,Corporate,Cranston,Rhode Island,2920.0,East,United States
TS-21655,Trudy Schmidt,Consumer,Milwaukee,Wisconsin,53209.0,Central,United States
EM-14200,Evan Minnotte,Home Office,Virginia Beach,Virginia,23464.0,South,United States
AO-10810,Anthony O'Donnell,Corporate,Los Angeles,California,90045.0,West,United States
MH-17440,Mark Haberlin,Corporate,New York City,New York,10035.0,East,United States
SS-20515,Shirley Schmidt,Home Office,Louisville,Kentucky,40214.0,South,United States
LD-16855,Lela Donovan,Corporate,Chicago,Illinois,60653.0,Central,United States
VP-21760,Victoria Pisteka,Corporate,San Francisco,California,94109.0,West,United States
TC-21145,Theresa Coyne,Corporate,Lakewood,New Jersey,8701.0,East,United States
IM-15055,Ionia McGrath,Consumer,Roseville,California,95661.0,West,United States
AR-10570,Anemone Ratner,Consumer,Columbus,Georgia,31907.0,South,United States
CM-12715,Craig Molinari,Corporate,Huntsville,Texas,77340.0,Central,United States
FW-14395,Fred Wasserman,Corporate,Huntsville,Alabama,35810.0,South,United States
LC-16960,Lindsay Castell,Home Office,Arlington,Virginia,22204.0,South,United States
HE-14800,Harold Engle,Corporate,Chicago,Illinois,60623.0,Central,United States
BD-11560,Brendan Dodson,Home Office,Fresno,California,93727.0,West,United States
HD-14785,Harold Dahlen,Home Office,Philadelphia,Pennsylvania,19143.0,East,United States
CJ-11875,Carl Jackson,Corporate,Philadelphia,Pennsylvania,19140.0,East,United States
RS-19870,Roy Skaria,Home Office,Burlington,Iowa,52601.0,Central,United States
SC-20845,Sung Chung,Consumer,Arlington Heights,Illinois,60004.0,Central,United States
RE-19405,Ricardo Emerson,Consumer,Kent,Ohio,44240.0,East,United States
SM-20905,Susan MacKendrick,Consumer,Newark,Ohio,43055.0,East,United States
